Country,Region
Australia,Australia
Belgium,Europe
Bermuda,North America
Canada,North America
Denmark,Europe
France,Europe
Germany,Europe
Ireland,Europe
Italy,Europe
Japan,Asia
Mexico,North America
Netherlands,Europe
Singapore,Asia
South Korea,Asia
Sweden,Europe
Switzerland,Europe
UK,Europe
Luxembourg,Europe
Panama,North America
Malaysia,Asia
Brazil,South America
Israel,Asia
Portugal,Europe
Spain,Europe
Taiwan,Asia
Russia,Asia
Norway,Europe
United Arab Emirates,Asia
China,Asia
Finland,Europe
Saudi Arabia,Asia